Name	Shortcut	Category	Subcategory	Tag	Stage	Trigger (When to Use)	Requires Proof?	Requires Review?	Goodwill Tier	Final Action	Internal Notes (Do Not Send)	Response
Package Taking Too Long - Initial	/noscan1	Shipping	No Scan / Awaiting Initial Scan	NO_SCAN	Stage 1	Customer says tracking only shows label created or no scan yet	No	No	Tier 0	Close	Use when internal system shows package handed to USPS or ready for pickup. No refund. No goodwill unless VIP or repeat issue.	Hello, thanks for reaching out. According to our internal systems, your package has been picked up by USPS and is currently awaiting its initial scan. Tracking updates may take some time to appear, and USPS may take 1 to 3 business days to apply the first scan. Please let us know if you have any other questions.
In Transit Delay - Initial	/transit1	Shipping	In Transit Delay	SHIPPING_DELAY	Stage 1	Customer says package is taking too long but tracking shows in transit	No	No	Tier 0	Close	Use when tracking is moving or still within expected delivery window.	Hello, thanks for reaching out. According to the tracking information, your package is currently in transit with the carrier. Shipping updates can sometimes take time to appear between scans. We appreciate your patience and understanding.
Signature Required - Initial	/sig1	Shipping	Signature Required	SIGNATURE_REQUIRED	Stage 1	Customer receives notice that signature is required	No	No	Tier 0	Wait on customer	Use for high-value orders. USPS still has package. No refund.	Hello, thank you for reaching out. Since this is a high-value order, a signature is required for delivery. According to the notice, a delivery attempt was made but no authorized recipient was available. We recommend contacting your local post office to arrange redelivery or pick up the package directly. Please note that if the package is not claimed by [date], it will be returned to the sender. We appreciate your understanding.
Returned Package - Monitoring	/return1	Shipping	Returned Package	RETURNED_PACKAGE	Stage 1	Customer thinks one or more packages are being returned	No	No	Tier 0	Investigate	Use when waiting for returned parcel to physically arrive.	Hello, thanks for following up. We will keep an eye out for any returned packages associated with your orders and will contact you as soon as we receive them or have an update.
Chatbot Spam	/admin1	Admin	Automated Messages	ADMIN	Stage 1	Customer confused by automated messages or repeated bot prompts	No	No	Tier 0	Close	Use simple disengaging note.	Thank you for reaching out. These messages are automatic. Have a great day.
Stall / Internal Review	/admin2	Admin	Stall	ADMIN	Stage 1	Need time to investigate without promising resolution yet	No	No	Tier 0	Investigate	Standard holding response.	Hello, thank you for providing that information. We are currently looking into this matter for you and reviewing everything on our end. Please allow some time for us to provide an update. We appreciate your patience and understanding.
Order Number Request	/admin5	Admin	Stall	ADMIN	Stage 1	Customer is inquiring about order without any information provided.	No	No	Tier 0	Wait on customer	Ask customer for order number.	Hello, thanks for reaching out. Could you please share the order number you are referring to?
Missing Items - Request Photos	/missing1	Order Issue	Missing Items / Missing Packs	MISSING_ITEMS	Stage 1	Customer says package arrived but items are missing	Yes	No	Tier 0	Wait on customer	Default response. Ask for package, packing slip, all contents.	Hello, thanks for reaching out. Could you please send us photos of the package, the packing slip, and all of the contents you received? Once we have those images, we will review everything and investigate the situation right away to help resolve this for you.
Opened Instead of Sealed - Under Review	/sealed1	Order Issue	Sealed vs Opened	SEALED_VS_OPENED	Stage 1	Customer says they wanted item sealed but it was opened	No	Yes	Tier 0	Investigate	Review footage before deciding.	Hello, thank you for providing that information. We are currently looking into this matter for you and reviewing everything on our end. Please allow some time for us to provide an update. We appreciate your patience and understanding.
Surprise Set Refund - Initial	/ssrefund1	Refund	Surprise Set / Randomized	SURPRISE_SET	Stage 1	Customer wants cancellation or refund for surprise set order	No	No	Tier 0	Direct to TikTok	Use default policy response. Keep concise.	Hello, thanks for reaching out. Unfortunately, due to TikTok’s guidelines, all sales on surprise sets are final in accordance with TikTok policy. Please contact TikTok directly for any further assistance. Thank you for your patience and understanding.
Refund - Label Created	/refund1	Refund	Label Created	REFUND_REQUEST	Stage 1	Customer asks for refund but shipping label already created and item not ripped	No	No	Tier 0	Wait on customer	Use only for this specific workflow. Do not use on surprise sets already opened.	Hello, thanks for reaching out. Unfortunately, due to TikTok’s guidelines, once a shipping label has been created, we’re unable to process a refund at this stage. The label has already been created and we will send you an empty pack. Once it arrives, please submit a refund request through TikTok. As soon as it’s requested, we’ll promptly issue your refund. Thank you for your patience and understanding.
Return - Already Shipped	/refund2	Refund	Already Shipped	REFUND_REQUEST	Stage 1	Customer wants return but item already shipped and still sealed	No	No	Tier 0	Wait on customer	Return path only if sealed and unused after arrival.	Hello, we understand your concern. Once the product arrives and it is still sealed and unused, you can submit a return request through TikTok and we will promptly accept it and process the refund once it is returned. Please let us know if you have any other questions.
Missing Package - Initial	/delivered1	Missing Package	Delivered But Not Received	DELIVERED_NOT_RECEIVED	Stage 1	Tracking shows delivered but customer says package missing	No	No	Tier 0	Wait on customer	Ask customer to check area, neighbors, leasing office, parcel locker, post office GPS scan. No replacement now.	Hello, thanks for reaching out. According to the tracking information, the package was marked as delivered by the carrier. We recommend checking around the delivery area, with neighbors, or with your leasing office or mail room in case it was placed in a parcel locker or held there. You can also contact your local post office with your tracking number, as they can verify the GPS delivery scan and confirm where it was left. Please let us know if you have any other questions.
Giveaway Winner - Request Address	/give1	Giveaway	Winner Intake	GIVEAWAY	Stage 1	Customer says they won giveaway and asks how to claim	No	No	Tier 0	Wait on customer	Basic giveaway intake.	Hello, thanks for reaching out and congratulations on winning the giveaway! Please provide your shipping address, and we will get that shipped out shortly.
Damage - Request Photos	/damage1	Damage	Transit Damage	DAMAGE	Stage 1	Customer says package or product arrived damaged	Yes	No	Tier 0	Wait on customer	Request photos first. Do not take fault.	Hello, thanks for reaching out. Please send us photos of the package and the damaged item so we can review everything on our end and determine the best next step.
Package Taking Too Long - Follow Up	/noscan2	Shipping	No Scan / Awaiting Initial Scan	NO_SCAN	Stage 2	Customer follows up after 1 to 2 days with no update	No	No	Tier 0	Close	Reassure only. Do not overexplain. No compensation by default.	Hello, thank you for following up. Your package is still on the way, and in some cases USPS may take additional time to complete the initial scan and update tracking. We appreciate your patience and understanding.
In Transit Delay - Follow Up	/transit2	Shipping	In Transit Delay	SHIPPING_DELAY	Stage 2	Customer upset about delivery speed and asks for refund	No	No	Tier 0	Close	If carrier still has package and product is collectible, do not refund by default.	Hello, thank you for following up. At this time, the package remains in transit with the carrier, and we are unable to issue a refund while it is still on the way. We recommend continuing to monitor tracking for the next update.
Signature Required - Wants Refund	/sig2	Shipping	Signature Required	SIGNATURE_REQUIRED	Stage 2	Customer asks for refund because USPS has package	No	No	Tier 0	Close	State USPS has package, not shop. No refund for collectibles or while package held by carrier.	Hello, thanks for reaching out. Your order is still with USPS, and a delivery attempt was made but no authorized recipient was available. Since this is a high-value collectible, a signature is required, and refunds are not possible while the package is still being held for delivery. We recommend contacting your local post office to arrange redelivery or pickup directly. We appreciate your understanding.
Signature Required - Move / New Address	/sig3	Shipping	Signature Required	SIGNATURE_REQUIRED	Stage 2	Customer says they cannot pick up and are moving soon	No	No	Tier 0	Investigate	If returned, then can assist later. Do not promise immediate reroute unless shop can do it.	Hello, thank you for reaching out. If you are unable to pick up the package after a failed USPS signed delivery, it will be returned to us, and once it is returned, we can assist with shipping it to your new address.
Returned Package - Not Yet Received	/return2	Shipping	Returned Package	RETURNED_PACKAGE	Stage 2	Customer follows up and returned package still not at shop	No	No	Tier 0	Investigate	Use while still waiting on carrier return.	Hello, thank you for following up. At this time, we have not yet received the returned package. We are continuing to monitor this and will update you as soon as anything arrives or if we have more information. We appreciate your patience and understanding in the meantime.
Missing Items - Packaging Not Available	/missing2	Order Issue	Missing Items / Missing Packs	MISSING_ITEMS	Stage 2	Customer says packaging or slip was thrown away	No	Yes	Tier 0	Investigate	Investigate internally. Do not accuse. Benefit of doubt if business case makes sense.	Hello, thank you for following up. At this time, we have not yet received the returned package. We are continuing to monitor this and will update you as soon as anything arrives or if we have more information. We appreciate your patience and understanding in the meantime.
Missing Items - Under Review	/missing3	Order Issue	Missing Items / Missing Packs	MISSING_ITEMS	Stage 2	Customer already sent photos	No	Yes	Tier 0	Investigate	Use while reviewing photos and order details.	Hello, thank you for providing those images. We are currently reviewing everything on our end and investigating the situation. Please allow some time for us to provide an update.
Wrong Item - Return Label Needed	/wrong2	Order Issue	Wrong Item Sent	WRONG_ITEM	Stage 2	Customer agrees to return wrong item for exchange	No	No	Tier 3	Wait on customer	Collect email for return label.	Hello, thanks for reaching out. Could you please provide your current email address so we can send over your return label?
Opened Instead of Sealed - No Clear Request Found	/sealed2	Order Issue	Sealed vs Opened	SEALED_VS_OPENED	Stage 2	Footage reviewed and no clear sealed request before opening	No	No	Tier 1	Close	Default no refund. Offer RIP10 only if needed or approved goodwill.	Hello, thanks for reaching out. After further reviewing the footage, we were unable to find any clear request to have the item shipped sealed prior to it being opened. Based on this, the order falls under live opening guidelines and is not eligible for a refund. We apologize for any confusion or misunderstanding.
Surprise Set Refund - Accidental Bid	/ssrefund2	Refund	Surprise Set / Randomized	SURPRISE_SET	Stage 2	Customer says accidental bid or unauthorized purchase	No	No	Tier 0	Direct to TikTok	Do not debate. Do not promise refund. Direct to TikTok.	Hello, thank you for reaching out. We understand your concern. As this was a randomized surprise set, we are unable to cancel or refund the order on our end. If you believe the purchase was unauthorized, please contact TikTok directly for further review.
Surprise Set Refund - Opened Live	/ssrefund3	Refund	Surprise Set / Randomized	SURPRISE_SET	Stage 2	Customer argues after products were opened live	No	No	Tier 0	Close	Use when reviewed footage confirms live opening. No compensation by default.	Hello, thanks for reaching out. After further review, we can confirm the products were opened live during the broadcast and are therefore not eligible for a refund. We appreciate your understanding.
Missing Package Claim - Confirm Non Receipt	/delivered2	Missing Package	Delivered But Not Received	DELIVERED_NOT_RECEIVED	Stage 2	Customer says they checked everywhere and still cannot locate it	No	No	Tier 0	Wait on customer	Use to get explicit confirmation before opening claim.	Hello, thank you for the update. Please confirm that you did not receive the package marked as delivered at [time] on [date]. Once confirmed, we will proceed with opening a USPS missing package claim and then discuss the next steps with you.
Giveaway Winner - Choose Prize	/give2	Giveaway	Winner Intake	GIVEAWAY	Stage 2	Customer provided address and needs to pick prize type	No	No	Tier 0	Wait on customer	Use if prize requires choice.	Thank you for providing your address! Could you please confirm whether you would prefer the MTG Premium Pack or the Pokémon Premium Pack for your giveaway prize?
Damage - Transit Likely	/damage2	Damage	Transit Damage	DAMAGE	Stage 2	Customer provided photos and damage appears transit related	No	Yes	Tier 0	Investigate	Position as carrier-related. Review before replacing.	Hello, thank you for providing the photos. Based on the information provided, this appears to have occurred during transit with the carrier. We are currently reviewing this on our end and will determine the best next step.
Package Taking Too Long - Final	/noscan3	Shipping	No Scan / Awaiting Initial Scan	NO_SCAN	Stage 3	Customer pushes and claims it was never shipped	No	Yes	Tier 1	Investigate	If reasonable and frustrated, DISCOUNT CODE only if needed. Escalate only if scan delay becomes abnormal.	Hello, thank you for reaching out. After further review, we can confirm your package has been handed off and is on the way. While tracking may not yet reflect movement, USPS can take time to complete the initial scan. If there is still no update after additional time, we will review it further on our end.
Returned Package - Unable To Locate	/return3	Shipping	Returned Package	RETURNED_PACKAGE	Stage 3	Returned package could not be located and replacement approved	No	No	Tier 3	Replace	Do not say we lost it. Say unable to locate returned package.	Hello, thanks for reaching out. After further review, we were unfortunately unable to locate the returned package. As a resolution, we will be shipping out a brand new [item] to you. We appreciate your patience and understanding.
End Conversation - Soft Close	/admin3	Admin	Close	ADMIN	Stage 3	Issue resolved or no further action needed	No	No	Tier 0	Close	Friendly close.	Of course. If you have any other questions or concerns, please let us know.
End Conversation - Final Close	/admin4	Admin	Close	ADMIN	Stage 3	Customer repetitive, hostile, or circular and no new info	No	No	Tier 0	Close	Use to disengage. No debate.	Hello, we understand your concerns and appreciate you taking the time to share this information. At this time, we have provided all available details regarding your order and its status. Any further updates or decisions regarding refunds will be handled directly through TikTok. We appreciate your understanding.
Goodwill - DISCOUNT CODE	/goodwill1	Admin	Goodwill	GOODWILL	Stage 3	Minor dissatisfaction where approved to offer baseline goodwill	No	No	Tier 1	Close	Default goodwill only. Do not offer product unless clear mistake or VIP.	Hello, thank you for reaching out. While we’re unable to offer a refund or replacement in this case, we’d like to offer a small gesture of goodwill. You’re welcome to use the code [DISCOUNT] for 10% off a future order. We appreciate your understanding.
VIP Customer - Light Recovery	/goodwill2	Admin	VIP Recovery	VIP	Stage 3	Known high spender or strong repeat customer with approved exception	No	Yes	Tier 2	Close	Use sparingly for valuable customers. Product goodwill only if approved.	Hello, thank you for reaching out. We appreciate your continued support. While we’re unable to offer a full refund or replacement in this case, we would like to offer a small gesture of goodwill. Please let us know if you have any other questions.
Missing Items - Replacement Approved	/missing4	Order Issue	Missing Items / Missing Packs	MISSING_ITEMS	Stage 3	Internal review confirms missing items should be replaced	No	No	Tier 3	Replace	Use only when mistake confirmed or approved exception.	Hello, thank you for your patience. After further review, we will be shipping out the following replacement: [item]. Please allow some time for tracking updates once it has been sent. We appreciate your understanding and continued support.
Missing Items - Replacement Shipped	/missing5	Order Issue	Missing Items / Missing Packs	MISSING_ITEMS	Stage 3	Replacement already created and tracking available	No	No	Tier 3	Close	Add item and tracking. Keep simple.	Hello, thanks for reaching out. Your replacement [item] has been shipped out. Please allow some time for tracking updates, as USPS may take a bit to scan packages. Here is your tracking information: [tracking]. We appreciate your understanding and continued support.
Wrong Item - Keep As Compensation	/wrong1	Order Issue	Wrong Item Sent	WRONG_ITEM	Stage 3	Approved option to let customer keep wrong item	No	No	Tier 2	Close	Use when wrong item has similar or higher value and approved by team.	Hello, thank you for contacting Vaulted Support. After further review, we can offer two solutions. You may keep the [product] as compensation, or you can return it and we will exchange it for a [correct product]. We apologize for the misunderstanding and appreciate your patience.
Wrong Item - Exchange After Return	/wrong3	Order Issue	Wrong Item Sent	WRONG_ITEM	Stage 3	Return label sent and waiting for item back	No	No	Tier 3	Investigate	Use while waiting for return to arrive.	Hello, thanks for reaching out. We’d be happy to process an exchange once we receive the original product. We will also provide a return label and send you a confirmation once the replacement has been shipped.
Opened Instead of Sealed - Small Goodwill	/sealed3	Order Issue	Sealed vs Opened	SEALED_VS_OPENED	Stage 3	Approved small goodwill after confusion but no refund	No	No	Tier 1	Close	Default goodwill is RIP10 unless VIP or management approves product.	Hello, thanks for reaching out. After further review, the order is not eligible for a refund under live opening guidelines. As a small gesture of goodwill, you’re welcome to use the code RIP10 for 10% off a future order. We appreciate your understanding.
Surprise Set Refund - Final Disengage	/ssrefund4	Refund	Surprise Set / Randomized	SURPRISE_SET	Stage 3	Customer keeps arguing, threatens bank, repeats same points	No	No	Tier 0	Close	Final response. Do not continue debate.	Hello, as previously stated, orders from surprise sets opened live are not eligible for a refund under TikTok guidelines. For any further assistance, please contact TikTok Support directly. Thank you.
Missing Package Claim - Opened	/delivered3	Missing Package	Delivered But Not Received	DELIVERED_NOT_RECEIVED	Stage 3	Customer confirms non receipt	No	No	Tier 0	Investigate	Open claim. Do not promise replacement or refund yet.	Hello, thank you for confirming. We will proceed with opening a USPS missing package claim regarding the delivery. Once we receive an update, we will follow up with you to discuss the next steps.
Missing Package - Claim Pending	/delivered4	Missing Package	Delivered But Not Received	DELIVERED_NOT_RECEIVED	Stage 3	Customer asks for update while claim is pending	No	No	Tier 0	Close	Keep short. USPS timeline can take a while.	Hello, thank you for following up. A missing package claim has already been submitted with USPS, and we are currently waiting for an update from their investigation. We appreciate your patience and understanding.
Missing Package - Pushes For Refund	/delivered5	Missing Package	Delivered But Not Received	DELIVERED_NOT_RECEIVED	Stage 3	Customer demands immediate replacement or refund before claim result	No	Yes	Tier 0	Close	Hold line. If shop policy allows refund request through platform, direct there. Otherwise keep claim path.	Hello, thank you for reaching out. Since the package is marked as delivered by the carrier, we are unable to issue a replacement or refund at this stage. We are continuing to review the matter through the carrier claim process and will follow up once we have an update.
Giveaway Winner - Tracking Sent	/give3	Giveaway	Fulfillment	GIVEAWAY	Stage 3	Prize shipped with tracking	No	No	Tier 0	Close	Send once prize ships.	Hello, thanks for confirming! Here is your tracking number: [tracking]. Please allow some time for tracking updates, as USPS may take a bit to scan packages. Congratulations again on winning the giveaway, and we truly appreciate your continued support!
Damage - Goodwill Replacement	/damage3	Damage	Transit Damage	DAMAGE	Stage 3	Approved replacement as goodwill for transit damage	No	No	Tier 3	Replace	Use when replacing even though carrier likely caused issue.	Hello, thanks for reaching out. While this appears to be related to handling during transit with USPS, as a gesture of goodwill we will be sending you a replacement [product]. We appreciate your patience and understanding. Please let us know if you have any other questions.
Damage - Manufacturing Issue No Replacement	/damage4	Damage	Manufacturing / Distributor Issue	DAMAGE	Stage 3	Issue appears manufacturing-related and no replacement approved	No	No	Tier 0	Close	Use when sourced directly from distributor and not shop-caused.	Hello, we appreciate you bringing this to our attention. Unfortunately, we are unable to make any changes or replacements as this appears to be a manufacturing issue. Thank you again for reaching out.